   ,   ,   ,   ,   ,   ,   ,   ,   ,   ,   ,   ,   ,   ,   ,   ,   ,   ,   ,   ,   ,   ,   ,   ,   ,   ,   ,   ,   ,   ,356,   ,458,   ,   ,   ,   ,   ,   ,   ,   ,   ,   ,   ,   ,   ,   ,   ,   ,   ,   ,   ,   ,   
   ,   ,   ,   ,   ,   ,   ,   ,170,   ,   ,   ,   ,255,   ,   ,   ,   ,   ,455,   ,   ,   ,   ,   ,   ,   ,   ,178,046,504,407,441,196,   ,   ,   ,   ,   ,   ,   ,   ,   ,   ,   ,   ,   ,   ,   ,   ,   ,   ,   ,   
   ,   ,   ,   ,   ,   ,   ,   ,480,332,   ,   ,   ,151,173,   ,145,   ,436,212,069,   ,   ,   ,   ,   ,   ,   ,405,281,315,152,369,475,143,   ,   ,   ,   ,   ,   ,   ,   ,   ,   ,   ,   ,   ,   ,   ,   ,   ,   ,   
   ,   ,   ,   ,   ,   ,   ,062,161,316,195,   ,024,092,074,227,096,508,469,131,401,   ,   ,   ,   ,454,   ,045,106,471,270,420,370,333,   ,   ,   ,   ,   ,   ,   ,   ,   ,   ,   ,   ,   ,   ,   ,   ,   ,   ,   ,   
   ,   ,023,   ,493,   ,216,052,050,312,193,481,386,261,169,502,290,048,249,230,070,   ,   ,   ,426,494,247,138,499,485,   ,486,   ,   ,   ,   ,   ,   ,   ,   ,   ,   ,   ,   ,   ,   ,   ,   ,   ,   ,   ,   ,   ,   
   ,   ,137,223,085,168,136,419,165,488,166,077,259,263,260,262,207,470,438,490,236,042,   ,477,237,174,001,326,484,   ,   ,   ,   ,   ,   ,   ,   ,   ,   ,   ,   ,   ,   ,   ,   ,   ,   ,   ,   ,   ,   ,   ,   ,   
446,   ,462,460,463,461,464,500,324,497,100,009,002,341,252,264,235,163,164,348,114,492,491,468,148,279,358,135,   ,   ,   ,   ,   ,   ,   ,   ,   ,   ,   ,   ,   ,   ,   ,   ,   ,   ,   ,   ,   ,   ,   ,   ,   ,   
   ,038,071,357,498,098,501,030,308,016,478,496,291,410,158,060,112,146,101,064,067,246,215,228,039,229,398,008,   ,   ,   ,   ,   ,   ,   ,   ,   ,   ,   ,   ,   ,   ,   ,   ,   ,   ,   ,   ,   ,   ,   ,   ,   ,   
   ,   ,043,402,068,012,129,007,081,365,095,466,313,382,505,443,181,352,336,066,337,209,206,322,124,371,180,149,   ,   ,   ,   ,   ,   ,   ,   ,   ,   ,   ,   ,   ,   ,   ,   ,   ,   ,   ,   ,   ,   ,   ,   ,   ,   
   ,   ,171,423,167,189,128,507,424,412,198,197,199,   ,378,055,231,049,221,110,282,385,157,099,269,109,076,379,380,   ,   ,   ,   ,   ,   ,   ,   ,   ,   ,   ,   ,   ,   ,   ,   ,   ,   ,   ,   ,   ,   ,   ,   ,   
   ,   ,   ,063,317,276,014,   ,   ,   ,   ,   ,   ,   ,   ,133,439,367,111,061,342,422,272,344,058,211,240,176,127,389,   ,   ,   ,   ,   ,   ,   ,   ,   ,   ,   ,   ,   ,   ,   ,   ,   ,   ,   ,   ,   ,   ,   ,   
   ,   ,   ,413,   ,372,   ,   ,   ,   ,   ,   ,   ,   ,   ,   ,   ,250,355,094,349,489,057,059,390,065,188,418,476,079,177,347,   ,   ,021,   ,   ,   ,   ,   ,   ,   ,   ,   ,   ,   ,   ,   ,   ,   ,   ,   ,   ,   
   ,   ,   ,   ,   ,   ,   ,   ,   ,   ,   ,   ,   ,   ,   ,   ,   ,   ,238,359,375,361,360,088,183,185,363,139,442,346,187,217,428,321,241,   ,   ,   ,   ,   ,   ,   ,   ,   ,   ,   ,   ,   ,   ,   ,   ,   ,   ,   
   ,   ,   ,   ,   ,   ,   ,   ,   ,   ,   ,   ,   ,   ,   ,   ,   ,   ,   ,233,495,172,182,184,406,051,027,345,388,140,452,086,175,381,404,   ,   ,   ,   ,   ,   ,   ,   ,   ,   ,   ,   ,   ,   ,   ,   ,   ,   ,   
   ,   ,   ,   ,   ,   ,   ,   ,   ,   ,   ,   ,   ,   ,   ,   ,   ,   ,   ,   ,234,366,409,289,159,320,457,362,408,037,368,285,414,179,032,205,   ,   ,   ,   ,   ,   ,   ,   ,   ,   ,   ,   ,   ,   ,   ,   ,   ,   
   ,   ,   ,   ,   ,   ,   ,   ,   ,   ,   ,   ,   ,   ,   ,   ,   ,   ,   ,   ,   ,506,224,434,287,456,284,444,020,191,025,350,029,450,343,142,   ,   ,   ,   ,   ,   ,   ,   ,   ,   ,   ,   ,   ,   ,   ,   ,   ,   
   ,   ,   ,   ,   ,   ,   ,   ,   ,   ,   ,   ,   ,   ,   ,   ,   ,   ,   ,   ,   ,208,147,280,503,393,392,394,483,097,122,437,445,354,201,220,134,319,   ,   ,   ,   ,   ,   ,   ,   ,   ,   ,   ,   ,   ,   ,   ,   
   ,   ,   ,   ,   ,   ,   ,   ,   ,   ,   ,   ,   ,   ,   ,   ,   ,   ,   ,   ,   ,   ,425,144,   ,396,395,013,433,416,102,448,364,105,056,011,031,327,482,225,   ,   ,   ,   ,   ,   ,   ,   ,   ,   ,   ,   ,   ,   
   ,   ,   ,   ,   ,   ,   ,   ,   ,   ,   ,   ,   ,   ,   ,   ,   ,   ,   ,   ,   ,   ,   ,   ,   ,   ,   ,192,004,036,293,010,310,126,047,403,213,041,090,028,387,415,411,   ,245,   ,   ,   ,   ,   ,   ,   ,   ,   
   ,   ,   ,   ,   ,   ,   ,   ,   ,   ,   ,   ,   ,   ,   ,   ,   ,   ,   ,   ,   ,   ,   ,   ,   ,   ,   ,   ,   ,   ,   ,294,103,296,297,299,288,302,268,035,218,417,239,186,   ,   ,   ,   ,   ,   ,   ,   ,   ,   
   ,   ,   ,   ,   ,   ,   ,   ,   ,   ,   ,   ,   ,   ,   ,   ,   ,   ,   ,   ,   ,   ,   ,   ,   ,   ,   ,   ,   ,   ,   ,   ,295,374,   ,298,300,301,303,304,033,253,267,125,   ,274,275,   ,   ,   ,   ,   ,   ,   
   ,   ,   ,   ,   ,   ,   ,   ,   ,   ,   ,   ,   ,   ,   ,   ,   ,   ,   ,   ,   ,   ,   ,   ,   ,   ,   ,   ,   ,   ,   ,   ,   ,   ,   ,   ,   ,107,465,309,256,087,003,022,154,006,153,044,   ,   ,   ,   ,   ,   
   ,   ,   ,   ,   ,   ,   ,   ,   ,   ,   ,   ,   ,   ,   ,   ,   ,   ,   ,   ,   ,   ,   ,   ,   ,   ,   ,   ,   ,   ,   ,   ,   ,   ,   ,   ,   ,019,400,093,283,459,292,373,053,251,018,203,277,323,   ,   ,   ,   
   ,   ,   ,   ,   ,   ,   ,   ,   ,   ,   ,   ,   ,   ,   ,   ,421,449,325,   ,   ,   ,   ,   ,   ,   ,   ,   ,   ,   ,   ,   ,   ,   ,   ,   ,   ,   ,   ,   ,   ,479,399,072,472,   ,   ,   ,108,447,073,226,   ,   
   ,   ,   ,   ,   ,   ,   ,   ,   ,   ,   ,   ,   ,   ,   ,   ,242,017,314,   ,   ,   ,   ,   ,   ,   ,   ,   ,   ,   ,   ,   ,   ,   ,   ,   ,   ,   ,   ,   ,   ,   ,219,132,156,   ,   ,   ,   ,   ,244,089,243,   
   ,   ,   ,   ,   ,   ,   ,   ,   ,   ,   ,   ,   ,   ,   ,   ,318,214,222,   ,   ,   ,   ,   ,   ,   ,   ,   ,   ,   ,   ,   ,   ,   ,   ,   ,   ,   ,   ,   ,   ,   ,   ,487,117,   ,   ,   ,   ,   ,   ,   ,194,473
   ,   ,   ,   ,   ,   ,   ,   ,   ,   ,   ,   ,   ,   ,   ,   ,210,430,080,   ,   ,   ,   ,   ,   ,   ,   ,   ,   ,   ,   ,   ,   ,   ,   ,   ,   ,   ,   ,   ,   ,   ,   ,335,104,440,   ,   ,   ,   ,   ,   ,   ,   
   ,   ,   ,   ,   ,   ,   ,   ,   ,   ,   ,   ,   ,   ,   ,   ,   ,   ,   ,   ,   ,   ,   ,   ,   ,   ,   ,   ,   ,   ,   ,   ,   ,   ,   ,   ,   ,   ,   ,   ,   ,   ,   ,391,160,306,397,162,   ,   ,   ,   ,   ,   
   ,   ,   ,   ,   ,   ,   ,   ,   ,   ,   ,   ,   ,   ,   ,   ,   ,   ,   ,   ,   ,   ,   ,   ,   ,   ,   ,   ,   ,   ,   ,   ,   ,   ,   ,   ,   ,   ,   ,   ,   ,   ,   ,130,120,   ,432,   ,   ,   ,   ,   ,   ,   
   ,   ,   ,   ,   ,   ,   ,   ,   ,   ,   ,   ,   ,   ,   ,   ,   ,   ,   ,   ,   ,   ,   ,   ,   ,   ,   ,   ,   ,   ,   ,   ,   ,   ,   ,   ,   ,   ,   ,   ,   ,474,286,121,431,   ,   ,   ,   ,   ,   ,   ,   ,   
   ,   ,   ,   ,   ,   ,   ,   ,   ,   ,   ,   ,   ,   ,   ,   ,   ,   ,   ,   ,   ,   ,   ,   ,   ,   ,   ,   ,   ,   ,   ,   ,   ,   ,   ,   ,   ,   ,   ,   ,040,334,141,   ,   ,   ,   ,   ,   ,   ,   ,   ,   ,   
   ,   ,   ,   ,   ,   ,   ,   ,   ,   ,   ,   ,   ,   ,   ,   ,   ,   ,   ,   ,   ,   ,   ,   ,328,   ,   ,   ,   ,   ,   ,   ,   ,   ,   ,265,258,257,   ,384,254,200,   ,   ,   ,   ,   ,   ,   ,   ,   ,   ,   ,   
   ,   ,   ,   ,   ,   ,   ,   ,   ,   ,   ,   ,   ,   ,   ,   ,   ,   ,   ,   ,   ,467,015,329,331,330,   ,451,078,123,351,271,305,190,340,116,202,   ,   ,   ,   ,   ,   ,   ,   ,   ,   ,   ,   ,   ,   ,   ,   ,   
   ,   ,   ,   ,   ,   ,   ,   ,   ,   ,   ,   ,   ,   ,   ,   ,   ,   ,   ,   ,   ,248,   ,082,113,338,278,155,026,376,084,115,307,383,075,005,   ,   ,   ,   ,   ,   ,   ,   ,   ,   ,   ,   ,   ,   ,   ,   ,   ,   
   ,   ,   ,   ,   ,   ,   ,   ,   ,   ,   ,   ,   ,   ,   ,   ,   ,   ,   ,   ,   ,   ,   ,   ,   ,427,054,204,232,091,429,353,339,266,118,119,034,   ,   ,   ,   ,   ,   ,   ,   ,   ,   ,   ,   ,   ,   ,   ,   ,   
   ,   ,   ,   ,   ,   ,   ,   ,   ,   ,   ,   ,   ,   ,   ,   ,   ,   ,   ,   ,   ,   ,   ,   ,   ,   ,   ,   ,   ,   ,   ,453,083,150,377,311,435,   ,   ,   ,   ,   ,   ,   ,   ,   ,   ,   ,   ,   ,   ,   ,   ,   
   ,   ,   ,   ,   ,   ,   ,   ,   ,   ,   ,   ,   ,   ,   ,   ,   ,   ,   ,   ,   ,   ,   ,   ,   ,   ,   ,   ,   ,   ,   ,   ,   ,   ,273,   ,   ,   ,   ,   ,   ,   ,   ,   ,   ,   ,   ,   ,   ,   ,   ,   ,   ,   
